{"cameraMode":{"drawMode":0,"name":"Shaded","section":"Shading Mode"},"sceneLighting":true,"audioPlay":false,"sceneViewState":{"showFog":true,"showMaterialUpdate":false,"showSkybox":true,"showFlares":true,"showImageEffects":true,"showParticleSystems":true},"in2DMode":false,"pivot":{"x":118.5293197631836,"y":91.03744506835938,"z":-108.846435546875},"rotation":{"x":-0.031805556267499927,"y":0.2657220959663391,"z":0.008771616034209729,"w":0.9634871482849121},"size":516.2879028320313,"orthographic":false}