{"cameraMode":{"drawMode":0,"name":"Shaded","section":"Shading Mode"},"sceneLighting":false,"audioPlay":false,"sceneViewState":{"showFog":true,"showMaterialUpdate":false,"showSkybox":false,"showFlares":true,"showImageEffects":true,"showParticleSystems":true},"in2DMode":false,"pivot":{"x":-0.00022339820861816406,"y":0.9022199511528015,"z":0.0050928592681884769},"rotation":{"x":-0.13603352010250092,"y":-0.025563817471265794,"z":0.00351070542819798,"w":-0.9903857111930847},"size":4.120487689971924,"orthographic":false}